event_id,destination_group,period,hours,mean_transactions,mean_volume,mean_active_senders,total_transactions,total_volume
E001,cex_bound,anticipatory,24,1184.6666666666667,182797063.64785504,1154.9166666666667,28432,4387129527.548521
E001,cex_bound,baseline,144,1266.3055555555557,110044016.38430344,1242.4930555555557,182348,15846338359.339695
E001,cex_bound,post,143,1091.4405594405594,107166221.61265063,1070.909090909091,156076,15324769690.609041
E001,cex_bound,recovery,18,1243.2777777777778,207024584.0845698,1211.111111111111,22379,3726442513.522257
E001,cex_bound,shock,7,937.2857142857143,72719445.55428572,909.1428571428571,6561,509036118.88000005
E001,non_cex,anticipatory,24,4074.25,523554213.1001899,1746.25,97782,12565301114.404558
E001,non_cex,baseline,144,4282.638888888889,369045870.13574713,1843.7777777777778,616700,53142605299.547585
E001,non_cex,post,143,3949.6503496503497,405014368.04951835,1727.7202797202797,564800,57917054631.08112
E001,non_cex,recovery,18,4722.888888888889,521597542.5471841,2051.722222222222,85012,9388755765.849314
E001,non_cex,shock,7,3707.285714285714,415808436.6557625,1442.5714285714287,25951,2910659056.5903373
E002,cex_bound,anticipatory,24,1058.0833333333333,51256768.961965166,1051.7083333333333,25394,1230162455.087164
E002,cex_bound,baseline,144,996.6944444444445,126174769.74048407,971.3333333333334,143524,18169166842.629707
E002,cex_bound,post,143,1255.076923076923,128552589.57636797,1230.041958041958,179476,18383020309.42062
E002,cex_bound,recovery,18,1044.4444444444443,62051231.4650381,1023.3888888888889,18800,1116922166.3706858
E002,cex_bound,shock,7,403.57142857142856,82348227.04286914,395.0,2825,576437589.300084
E002,non_cex,anticipatory,24,4047.7916666666665,398577151.98380184,1709.4166666666667,97147,9565851647.611244
E002,non_cex,baseline,144,4092.034722222222,396074633.72991467,1779.798611111111,589253,57034747257.10771
E002,non_cex,post,143,4114.797202797203,471428962.0627953,1784.3706293706293,588416,67414341574.97972
E002,non_cex,recovery,18,3623.6111111111113,262315259.25609106,1643.5,65225,4721674666.609639
E002,non_cex,shock,7,2214.714285714286,194245786.2275789,818.7142857142857,15503,1359720503.5930524
E005,cex_bound,anticipatory,24,870.0416666666666,87661449.01632532,854.7916666666666,20881,2103874776.3918078
E005,cex_bound,baseline,144,868.2083333333334,74374025.13903378,847.6875,125022,10709859620.020864
E005,cex_bound,post,143,965.6153846153846,79238704.80287695,944.7342657342657,138083,11331134786.811403
E005,cex_bound,recovery,18,799.9444444444445,52137232.75485758,779.0555555555555,14399,938470189.5874364
E005,cex_bound,shock,7,934.2857142857143,147984697.74904135,908.1428571428571,6540,1035892884.2432894
E005,non_cex,anticipatory,24,5801.75,402517980.73898387,2728.0833333333335,139242,9660431537.735613
E005,non_cex,baseline,144,4627.416666666667,386864084.08021474,2251.6944444444443,666348,55708428107.55093
E005,non_cex,post,143,4607.06993006993,453990818.8997584,2326.7762237762236,658811,64920687102.66545
E005,non_cex,recovery,18,5419.444444444444,336745300.6537024,2806.5555555555557,97550,6061415411.766643
E005,non_cex,shock,7,6862.285714285715,632166964.2773094,3107.285714285714,48036,4425168749.941166
E010,cex_bound,anticipatory,24,1314.0833333333333,103629846.09349482,1275.4166666666667,31538,2487116306.2438755
E010,cex_bound,baseline,144,1072.701388888889,111776542.44658805,1040.3055555555557,154469,16095822112.30868
E010,cex_bound,post,143,3170.5314685314684,193447577.97227594,3136.72027972028,453386,27663003650.03546
E010,cex_bound,recovery,18,5132.444444444444,58506000.216208264,5123.388888888889,92384,1053108003.8917488
E010,cex_bound,shock,7,21665.85714285714,81967157.77396692,21637.0,151661,573770104.4177685
E010,non_cex,anticipatory,24,5097.583333333333,640501070.337284,2698.5,122342,15372025688.094814
E010,non_cex,baseline,144,4805.576388888889,567138977.1243808,2696.9305555555557,692003,81668012705.91084
E010,non_cex,post,143,5340.888111888112,743802081.0616311,3166.090909090909,763747,106363697591.81325
E010,non_cex,recovery,18,3646.3333333333335,272387939.53382266,2380.1666666666665,65634,4902982911.608808
E010,non_cex,shock,7,5495.857142857143,418594668.5359567,2818.714285714286,38471,2930162679.7516966
E013,cex_bound,anticipatory,24,2826.5833333333335,254072255.60588467,2803.0833333333335,67838,6097734134.541232
E013,cex_bound,baseline,144,1435.9930555555557,180197795.01302418,1392.1597222222222,206783,25948482481.87548
E013,cex_bound,post,143,1404.3356643356644,79600995.99111085,1376.4335664335665,200820,11382942426.728851
E013,cex_bound,recovery,18,1630.111111111111,167938760.60355136,1600.111111111111,29342,3022897690.8639245
E013,cex_bound,shock,7,1754.142857142857,536931077.165796,1725.857142857143,12279,3758517540.160572
E013,non_cex,anticipatory,24,6663.75,771239449.6376705,3873.7083333333335,159930,18509746791.304092
E013,non_cex,baseline,144,5953.486111111111,632054316.4810205,3471.9791666666665,857302,91015821573.26694
E013,non_cex,post,143,5656.839160839161,450631359.43176377,3603.895104895105,808928,64440284398.74222
E013,non_cex,recovery,18,6556.111111111111,642738726.5213404,3795.5,118010,11569297077.384127
E013,non_cex,shock,7,5507.857142857143,1255983758.832266,2847.4285714285716,38555,8791886311.825863
E018,cex_bound,anticipatory,24,1165.875,95328242.72006129,1132.625,27981,2287877825.281471
E018,cex_bound,baseline,144,1235.826388888889,81827746.38333791,1197.3958333333333,177959,11783195479.200659
E018,cex_bound,post,143,1075.4895104895104,80409292.15314046,1046.7412587412587,153795,11498528777.899086
E018,cex_bound,recovery,18,1974.1666666666667,183215289.63484323,1939.388888888889,35535,3297875213.4271784
E018,cex_bound,shock,7,1002.1428571428571,114873076.73667696,968.1428571428571,7015,804111537.1567388
E018,non_cex,anticipatory,24,4957.0,295348943.6400753,2576.75,118968,7088374647.361808
E018,non_cex,baseline,144,4835.826388888889,322317686.0880416,2476.4236111111113,696359,46413746796.67799
E018,non_cex,post,143,4261.223776223776,273249729.1976812,2252.027972027972,609355,39074711275.26841
E018,non_cex,recovery,18,4572.5,337319450.70881695,2444.1666666666665,82305,6071750112.758705
E018,non_cex,shock,7,5768.571428571428,494811413.3942353,2771.1428571428573,40380,3463679893.7596474
E020,cex_bound,anticipatory,24,1385.75,94735938.3346395,1359.4166666666667,33258,2273662520.031348
E020,cex_bound,baseline,144,1007.6041666666666,72358312.76166934,980.6666666666666,145095,10419597037.680386
E020,cex_bound,post,144,1033.173611111111,77672778.55998705,1005.5833333333334,148777,11184880112.638136
E020,cex_bound,recovery,18,1028.5,87511173.3886947,1009.3333333333334,18513,1575201120.9965045
E020,cex_bound,shock,7,749.2857142857143,81813729.42468517,698.4285714285714,5245,572696105.9727962
E020,non_cex,anticipatory,24,4679.833333333333,197127150.26260868,2302.0833333333335,112316,4731051606.3026085
E020,non_cex,baseline,144,4399.472222222223,205904015.10719177,2254.1944444444443,633524,29650178175.435616
E020,non_cex,post,144,4188.027777777777,218647355.61964235,2204.5069444444443,603076,31485219209.228497
E020,non_cex,recovery,18,3919.8333333333335,200715097.9732255,1898.3333333333333,70557,3612871763.5180593
E020,non_cex,shock,7,6098.428571428572,379293260.8748397,2418.714285714286,42689,2655052826.123878
E027,cex_bound,anticipatory,24,1409.125,112098813.40621807,1358.1666666666667,33819,2690371521.7492337
E027,cex_bound,baseline,144,1247.4097222222222,99580903.97663265,1206.0625,179627,14339650172.635103
E027,cex_bound,post,143,1405.076923076923,114054667.07470565,1359.2307692307693,200926,16309817391.682907
E027,cex_bound,recovery,18,1506.2777777777778,123611032.3662845,1450.4444444444443,27113,2224998582.593121
E027,cex_bound,shock,7,1055.0,77729173.9318944,1017.5714285714286,7385,544104217.5232608
E027,non_cex,anticipatory,24,5564.833333333333,310143284.4765528,2872.5833333333335,133556,7443438827.437266
E027,non_cex,baseline,144,5056.416666666667,232060663.4997559,2684.0694444444443,728124,33416735543.964848
E027,non_cex,post,143,5607.0489510489515,258413934.16908595,2862.041958041958,801808,36953192586.17929
E027,non_cex,recovery,18,5951.444444444444,305923981.0818636,2984.6111111111113,107126,5506631659.473544
E027,non_cex,shock,7,4907.142857142857,201967402.0415666,2355.285714285714,34350,1413771814.2909663
E030,cex_bound,anticipatory,24,1546.6666666666667,136660986.13393167,1501.2916666666667,37120,3279863667.21436
E030,cex_bound,baseline,144,1538.9652777777778,118986303.99806578,1489.9583333333333,221611,17134027775.721474
E030,cex_bound,post,143,1432.5944055944055,120784261.21284288,1386.4195804195804,204861,17272149353.43653
E030,cex_bound,recovery,18,1078.6666666666667,87720692.57890148,1036.888888888889,19416,1578972466.4202268
E030,cex_bound,shock,7,1446.2857142857142,197999541.93657494,1388.0,10124,1385996793.5560246
E030,non_cex,anticipatory,24,6207.791666666667,340103008.21427757,2904.75,148987,8162472197.142662
E030,non_cex,baseline,144,5641.305555555556,302499334.30503845,2787.340277777778,812348,43559904139.92554
E030,non_cex,post,143,5529.895104895105,303001359.8703034,3239.6573426573427,790775,43329194461.453384
E030,non_cex,recovery,18,4785.777777777777,256177485.81590334,2345.8333333333335,86144,4611194744.68626
E030,non_cex,shock,7,6830.428571428572,437160463.68119544,3129.285714285714,47813,3060123245.7683682
E034,cex_bound,anticipatory,24,1642.5833333333333,169599065.26409528,1633.5416666666667,39422,4070377566.3382864
E034,cex_bound,baseline,144,1237.763888888889,105888251.68876271,1246.7152777777778,178238,15247908243.18183
E034,cex_bound,post,143,1246.2447552447552,131167087.22641562,1243.3006993006993,178213,18756893473.377434
E034,cex_bound,recovery,18,1092.1666666666667,116651483.76395068,1113.0,19659,2099726707.7511122
E034,cex_bound,shock,7,1422.5714285714287,195312617.96094343,1401.142857142857,9958,1367188325.726604
E034,non_cex,anticipatory,24,4916.541666666667,371594145.4546826,2525.1666666666665,117997,8918259490.912382
E034,non_cex,baseline,144,5202.659722222223,263945315.0407859,2627.5763888888887,749183,38008125365.87317
E034,non_cex,post,143,5330.160839160839,310711984.05899346,2628.3426573426573,762213,44431813720.436066
E034,non_cex,recovery,18,3976.3333333333335,187628550.42796153,2067.4444444444443,71574,3377313907.7033076
E034,non_cex,shock,7,5859.714285714285,451211237.7942844,2822.8571428571427,41018,3158478664.559991
E044,cex_bound,anticipatory,24,1046.5416666666667,94372845.9355393,1013.9166666666666,25117,2264948302.4529433
E044,cex_bound,baseline,144,1257.0625,162967957.03740752,1205.9444444444443,181017,23467385813.386684
E044,cex_bound,post,143,1310.86013986014,142523853.04954112,1270.5454545454545,187453,20380910986.08438
E044,cex_bound,recovery,18,1361.7222222222222,169274242.67472082,1333.7777777777778,24511,3046936368.1449747
E044,cex_bound,shock,7,1437.857142857143,230756795.00076333,1394.4285714285713,10065,1615297565.0053432
E044,non_cex,anticipatory,24,5122.458333333333,234818934.87852132,2571.25,122939,5635654437.084512
E044,non_cex,baseline,144,5916.201388888889,370779357.5206019,2993.9375,851933,53392227482.966675
E044,non_cex,post,143,5850.258741258741,322978891.6836048,2992.125874125874,836587,46185981510.755486
E044,non_cex,recovery,18,5287.944444444444,323093735.8678482,2770.0555555555557,95183,5815687245.621268
E044,non_cex,shock,7,7109.142857142857,558718302.214098,3479.4285714285716,49764,3911028115.498686
E047,cex_bound,anticipatory,24,1389.4583333333333,104719330.62651332,1355.7916666666667,33347,2513263935.0363197
E047,cex_bound,baseline,144,1518.951388888889,178749784.4482487,1467.9583333333333,218729,25739968960.547813
E047,cex_bound,post,143,1294.7762237762238,143046170.54120192,1260.055944055944,185153,20455602387.391872
E047,cex_bound,recovery,18,1405.0,216791024.1878049,1365.111111111111,25290,3902238435.3804884
E047,cex_bound,shock,7,1425.0,349536473.5860502,1361.5714285714287,9975,2446755315.1023517
E047,non_cex,anticipatory,24,5632.541666666667,249686075.2779601,2787.9166666666665,135181,5992465806.671042
E047,non_cex,baseline,144,6518.576388888889,417198727.03509027,3308.722222222222,938675,60076616693.053
E047,non_cex,post,143,5779.874125874126,347736346.07375133,2947.6293706293704,826522,49726297488.54644
E047,non_cex,recovery,18,5822.666666666667,423360483.2459808,2999.3333333333335,104808,7620488698.427654
E047,non_cex,shock,7,6888.571428571428,699687706.5643467,3282.5714285714284,48220,4897813945.950427
E052,cex_bound,anticipatory,24,1895.5833333333333,341244574.3670497,1808.2916666666667,45494,8189869784.809193
E052,cex_bound,baseline,144,1681.1319444444443,313781780.8351507,1599.0972222222222,242083,45184576440.2617
E052,cex_bound,post,143,1722.5384615384614,439593772.02497244,1639.2447552447552,246323,62861909399.57106
E052,cex_bound,recovery,18,1896.7777777777778,913908624.2397509,1807.3333333333333,34142,16450355236.315516
E052,cex_bound,shock,7,1809.2857142857142,592701714.256447,1742.2857142857142,12665,4148911999.795129
E052,non_cex,anticipatory,24,8638.625,710924915.6032721,3942.0,207327,17062197974.47853
E052,non_cex,baseline,144,7708.611111111111,650933823.8377652,3703.8263888888887,1110040,93734470632.6382
E052,non_cex,post,143,7837.034965034965,796972079.3525255,3710.4545454545455,1120696,113967007347.41115
E052,non_cex,recovery,18,8835.611111111111,823837387.6386986,4117.722222222223,159041,14829072977.496574
E052,non_cex,shock,7,8052.142857142857,864119067.6329783,3601.285714285714,56365,6048833473.430848
E054,cex_bound,anticipatory,24,1134.1666666666667,193003562.59962013,1081.5833333333333,27220,4632085502.390883
E054,cex_bound,baseline,144,1885.9027777777778,237742355.5069009,1822.8680555555557,271570,34234899192.993732
E054,cex_bound,post,143,1530.7902097902097,255652469.41805187,1459.097902097902,218903,36558303126.78142
E054,cex_bound,recovery,18,1573.5,394743256.77355343,1512.0,28323,7105378621.923962
E054,cex_bound,shock,7,976.1428571428571,93708556.34184754,939.5714285714286,6833,655959894.3929328
E054,non_cex,anticipatory,24,5290.708333333333,404107945.0081716,2540.8333333333335,126977,9698590680.19612
E054,non_cex,baseline,144,7023.048611111111,588051416.7423607,3330.8333333333335,1011319,84679404010.89995
E054,non_cex,post,143,6991.027972027972,622656086.0487138,3400.5104895104896,999717,89039820304.96608
E054,non_cex,recovery,18,7533.166666666667,726434336.7674329,3774.722222222222,135597,13075818061.813793
E054,non_cex,shock,7,3936.714285714286,301380337.41718525,2032.5714285714287,27557,2109662361.920297
E057,cex_bound,anticipatory,24,2115.5416666666665,482884715.44300985,2055.5,50773,11589233170.632236
E057,cex_bound,baseline,144,1899.2569444444443,216640316.05983287,1823.1875,273493,31196205512.615932
E057,cex_bound,post,143,1910.4615384615386,302704723.4573763,1848.979020979021,273196,43286775454.40481
E057,cex_bound,recovery,18,2278.6666666666665,446586388.2781517,2216.222222222222,41016,8038554989.00673
E057,cex_bound,shock,7,2283.714285714286,492523442.4881236,2153.285714285714,15986,3447664097.4168653
E057,non_cex,anticipatory,24,12812.458333333334,1257999383.2444906,6452.0,307499,30191985197.867775
E057,non_cex,baseline,144,11033.666666666666,836046717.0477341,5621.805555555556,1588848,120390727254.87372
E057,non_cex,post,143,10669.384615384615,912072877.7265463,5177.286713286713,1525722,130426421514.89612
E057,non_cex,recovery,18,11622.888888888889,1389084793.1784787,5681.277777777777,209212,25003526277.212616
E057,non_cex,shock,7,12545.857142857143,1284342460.9041848,5518.857142857143,87821,8990397226.329294
E059,cex_bound,anticipatory,24,2027.0833333333333,271958041.9579917,1943.875,48650,6526993006.991801
E059,cex_bound,baseline,144,2019.1875,215600628.98773727,1973.7847222222222,290763,31046490574.234165
E059,cex_bound,post,143,1887.7762237762238,254878428.14048448,1841.937062937063,269952,36447615224.08928
E059,cex_bound,recovery,18,2117.3333333333335,404416064.0583715,2033.9444444444443,38112,7279489153.050687
E059,cex_bound,shock,7,2581.714285714286,262550247.54719546,2459.714285714286,18072,1837851732.8303683
E059,non_cex,anticipatory,24,11408.291666666666,843607792.2174231,5995.166666666667,273799,20246587013.218155
E059,non_cex,baseline,144,11281.6875,795056765.5778556,5488.520833333333,1624563,114488174243.2112
E059,non_cex,post,143,11923.923076923076,894092075.9207239,6680.937062937063,1705121,127855166856.66351
E059,non_cex,recovery,18,13087.944444444445,1266662083.6214228,7164.055555555556,235583,22799917505.18561
E059,non_cex,shock,7,11866.285714285714,1169237869.3495665,6078.857142857143,83064,8184665085.446965
E060,cex_bound,anticipatory,24,2335.2083333333335,974236260.4103707,2185.5833333333335,56045,23381670249.848896
E060,cex_bound,baseline,144,2207.1875,334958681.0293642,2096.902777777778,317835,48234050068.22845
E060,cex_bound,post,143,2112.4685314685316,355513776.2757313,2010.3286713286714,302083,50838470007.42958
E060,cex_bound,recovery,18,2165.6111111111113,781805972.938355,2026.611111111111,38981,14072507512.89039
E060,cex_bound,shock,7,2238.285714285714,535048726.70360154,2101.714285714286,15668,3745341086.925211
E060,non_cex,anticipatory,24,12807.333333333334,1532204662.0855427,6326.833333333333,307376,36772911890.053024
E060,non_cex,baseline,144,12128.902777777777,1237355943.1857045,5983.576388888889,1746562,178179255818.74146
E060,non_cex,post,143,13071.314685314685,1253517625.241915,6277.1398601398605,1869198,179253020409.59384
E060,non_cex,recovery,18,12220.888888888889,1853591190.392013,5548.555555555556,219976,33364641427.056236
E060,non_cex,shock,7,13545.57142857143,1547064747.3211656,6054.0,94819,10829453231.24816
E061,cex_bound,anticipatory,24,2006.2916666666667,224712195.57642958,1943.375,48151,5393092693.83431
E061,cex_bound,baseline,144,2047.2847222222222,406052138.2075433,1985.6944444444443,294809,58471507901.88624
E061,cex_bound,post,143,1941.5874125874127,318826871.6466245,1884.1468531468531,277647,45592242645.4673
E061,cex_bound,recovery,18,2362.4444444444443,281346943.11507463,2308.1111111111113,42524,5064244976.071343
E061,cex_bound,shock,7,2202.1428571428573,331808389.87454075,2154.5714285714284,15415,2322658729.121785
E061,non_cex,anticipatory,24,21394.166666666668,1664200509.3374598,12229.0,513460,39940812224.09904
E061,non_cex,baseline,144,16491.208333333332,2216384310.5379906,8850.756944444445,2374734,319159340717.47064
E061,non_cex,post,143,16003.958041958042,1578049119.6224551,8724.272727272728,2288566,225661024106.01108
E061,non_cex,recovery,18,17975.166666666668,2009157698.2561827,10646.055555555555,323553,36164838568.61129
E061,non_cex,shock,7,16543.571428571428,1870311282.4901803,7506.714285714285,115805,13092178977.431261
E065,cex_bound,anticipatory,24,2186.25,478832658.01382947,2127.6666666666665,52470,11491983792.331907
E065,cex_bound,baseline,144,2196.8819444444443,301614655.83780205,2150.3611111111113,316351,43432510440.64349
E065,cex_bound,post,143,2066.671328671329,269652814.4512501,2021.6713286713286,295534,38560352466.52876
E065,cex_bound,recovery,18,2554.4444444444443,293136582.18408954,2484.3888888888887,45980,5276458479.313612
E065,cex_bound,shock,7,4100.285714285715,392305783.80557436,3981.4285714285716,28702,2746140486.6390204
E065,non_cex,anticipatory,24,19004.166666666668,3365254491.645428,9360.166666666666,456100,80766107799.49028
E065,non_cex,baseline,144,18201.534722222223,4271915495.24695,9687.673611111111,2621021,615155831315.5608
E065,non_cex,post,143,18590.88111888112,2503380173.3189974,10469.748251748251,2658496,357983364784.61664
E065,non_cex,recovery,18,21096.833333333332,3077652441.2989902,11168.888888888889,379743,55397743943.38183
E065,non_cex,shock,7,31097.714285714286,3734584844.4234357,15152.142857142857,217684,26142093910.96405
E067,cex_bound,anticipatory,24,3138.5416666666665,218593418.43128994,3052.0416666666665,75325,5246242042.350959
E067,cex_bound,baseline,144,2960.1111111111113,239867978.56286547,2897.527777777778,426256,34540988913.05263
E067,cex_bound,post,143,2017.909090909091,182850709.93032706,1966.167832167832,288561,26147651520.03677
E067,cex_bound,recovery,18,2035.888888888889,235299242.63364753,2003.611111111111,36646,4235386367.4056554
E067,cex_bound,shock,7,3309.4285714285716,412044433.3934826,3188.4285714285716,23166,2884311033.7543783
E067,non_cex,anticipatory,24,20844.833333333332,2476101056.9464393,11865.791666666666,500276,59426425366.71454
E067,non_cex,baseline,144,21115.833333333332,2531772253.203552,16225.902777777777,3040680,364575204461.31146
E067,non_cex,post,143,18845.53846153846,1384446372.9529757,12167.32867132867,2694912,197975831332.27554
E067,non_cex,recovery,18,19560.166666666668,1899774285.8112733,12396.888888888889,352083,34195937144.60292
E067,non_cex,shock,7,20574.14285714286,2165359183.752845,11381.714285714286,144019,15157514286.269913
