model,term,coefficient,standard_error,p_value,ci_lower,ci_upper
transactions,Intercept,13.24625694194234,2.4855271478924696,9.856208493949086e-08,8.374713249476539,18.11780063440814
transactions,C(event_id)[T.E020],0.3529639104751886,0.24942742913006938,0.15704017075835328,-0.13590486737616414,0.8418326883265413
transactions,C(event_id)[T.E047],-0.7201992289386003,0.2567903404497374,0.005037598997762331,-1.2234990477978647,-0.216899410079336
transactions,C(hour_of_week)[T.1],0.20615134919521141,0.2128776756894921,0.3328432134961,-0.21108122826879092,0.6233839266592137
transactions,C(hour_of_week)[T.2],0.1504024868052189,0.24616825858375996,0.5412165747678667,-0.3320784341558936,0.6328834077663315
transactions,C(hour_of_week)[T.3],0.43709399762413614,0.25576665010284066,0.08745906655358379,-0.06419942502388931,0.9383874202721616
transactions,C(hour_of_week)[T.4],0.3157216436856582,0.19069280277608414,0.09779154442224612,-0.058029381866466334,0.6894726692377827
transactions,C(hour_of_week)[T.5],0.48521232780912804,0.24404391420197746,0.046787664438319686,0.006895045327069194,0.9635296102911869
transactions,C(hour_of_week)[T.6],0.5183052066212441,0.20730148118184594,0.012410623608805998,0.11200176956301833,0.9246086436794699
transactions,C(hour_of_week)[T.7],0.664704847856076,0.22566078448467813,0.003223361350471216,0.22241783754305183,1.1069918581691
transactions,C(hour_of_week)[T.8],0.8144216911183609,0.244321828664674,0.0008579237936001192,0.3355597062986341,1.293283675938088
transactions,C(hour_of_week)[T.9],0.843273378508013,0.18648975294180375,6.130974510051528e-06,0.47776017925630504,1.2087865777597209
transactions,C(hour_of_week)[T.10],0.8144079649774462,0.21104082733912966,0.00011384882063258151,0.40077554412521604,1.2280403858296762
transactions,C(hour_of_week)[T.11],0.8358187819019962,0.21639375213898948,0.00011223699488948388,0.41169482123008955,1.259942742573903
transactions,C(hour_of_week)[T.12],1.069410167164565,0.24349654162019696,1.1236925124929358e-05,0.5921657152289207,1.5466546191002095
transactions,C(hour_of_week)[T.13],1.1060460138541326,0.26311676731252076,2.6266607259180914e-05,0.5903466261929862,1.621745401515279
transactions,C(hour_of_week)[T.14],1.3020111297410135,0.2625500906936278,7.08219303472843e-07,0.7874224078437783,1.8165998516382489
transactions,C(hour_of_week)[T.15],1.2216321226133509,0.2826007996877452,1.5404807074730947e-05,0.6677447332231521,1.7755195120035496
transactions,C(hour_of_week)[T.16],1.2252074920411102,0.334065172177491,0.0002448662727996281,0.5704517860840558,1.8799631979981646
transactions,C(hour_of_week)[T.17],1.1810968740741152,0.3451353798642225,0.0006213343525502717,0.5046439597496886,1.857549788398542
transactions,C(hour_of_week)[T.18],1.088329679679217,0.29694247353137226,0.00024722302396714535,0.5063331260774891,1.670326233280945
transactions,C(hour_of_week)[T.19],1.0773924847561736,0.247477195748714,1.3397982781445301e-05,0.5923460940937251,1.562438875418622
transactions,C(hour_of_week)[T.20],1.321405050100244,0.2481391536872507,1.0080976627925302e-07,0.8350612457189832,1.8077488544815046
transactions,C(hour_of_week)[T.21],1.0209894614687232,0.2835066149940302,0.0003166424605932324,0.46532670670156073,1.5766522162358856
transactions,C(hour_of_week)[T.22],0.6851535099752696,0.27047777657603034,0.011305123611497069,0.15502680926777868,1.2152802106827605
transactions,C(hour_of_week)[T.23],0.7506792303619922,0.2605719621593578,0.003965536719079825,0.2399675691487172,1.2613908915752674
transactions,C(hour_of_week)[T.24],0.8040063315389641,0.2680665283944021,0.0027061929649656183,0.27860559042525224,1.3294070726526759
transactions,C(hour_of_week)[T.25],0.46358078489066284,0.31982938597346605,0.1472083926136955,-0.1632732928148905,1.0904348625962161
transactions,C(hour_of_week)[T.26],0.3928456884961375,0.32984672751689603,0.2336556843174733,-0.2536420178553755,1.0393333948476504
transactions,C(hour_of_week)[T.27],0.6829697631838872,0.32025314499272217,0.03295809012512565,0.05528513306246785,1.3106543933053065
transactions,C(hour_of_week)[T.28],0.6466258824753294,0.3136746362566513,0.03925973281883659,0.031834892548590954,1.2614168724020678
transactions,C(hour_of_week)[T.29],0.7983484929138266,0.3604708192375611,0.026778039336188917,0.09183866973055876,1.5048583160970943
transactions,C(hour_of_week)[T.30],0.7094606825120843,0.3146543563780767,0.024150268319351572,0.09274947643242293,1.3261718885917455
transactions,C(hour_of_week)[T.31],0.8228938974471861,0.30502543326049825,0.006980191584875025,0.22505503388788362,1.4207327610064886
transactions,C(hour_of_week)[T.32],0.7823022779088553,0.2801160725739295,0.005225738499387175,0.23328486417314553,1.331319691644565
transactions,C(hour_of_week)[T.33],1.0105459042110732,0.2671441894528711,0.00015509066338735938,0.48695291420430087,1.5341388942178456
transactions,C(hour_of_week)[T.34],0.8410161035769396,0.2371776333040726,0.0003912249949544394,0.3761564843625096,1.3058757227913695
transactions,C(hour_of_week)[T.35],0.7986090830291421,0.3277088891899896,0.014811864048689467,0.15631146280313513,1.4409067032551492
transactions,C(hour_of_week)[T.36],0.8364858480737386,0.3098278237655975,0.006937263081224197,0.22923447208474457,1.4437372240627326
transactions,C(hour_of_week)[T.37],1.0256720412248914,0.2791392405135106,0.00023839957476863916,0.47856918314654673,1.5727748993032362
transactions,C(hour_of_week)[T.38],1.3146971334571533,0.2801936914516353,2.704134045568437e-06,0.7655275895166197,1.863866677397687
transactions,C(hour_of_week)[T.39],1.171751408174504,0.3268268822280297,0.00033677390385962593,0.5311824898280519,1.812320326520956
transactions,C(hour_of_week)[T.40],1.212000327944644,0.3630870490066202,0.0008437056980992691,0.5003627886387388,1.9236378672505494
transactions,C(hour_of_week)[T.41],1.1072780246799838,0.3985394152341348,0.005463740329003812,0.3261551244014259,1.8884009249585416
transactions,C(hour_of_week)[T.42],1.124986848322078,0.3601982672957398,0.0017886977999012998,0.4190112171286964,1.8309624795154595
transactions,C(hour_of_week)[T.43],0.8753241403454932,0.37303747849685703,0.01895179810242748,0.14418411760801852,1.606464163082968
transactions,C(hour_of_week)[T.44],1.0343820916556503,0.362547717722857,0.004329604797953501,0.32380162224165676,1.7449625610696438
transactions,C(hour_of_week)[T.45],0.7160280394177299,0.3918294654788078,0.0676400810345171,-0.05194360100231388,1.4839996798377735
transactions,C(hour_of_week)[T.46],0.7510597798961284,0.4601922926579528,0.10266760386425566,-0.1509005396763755,1.6530200994686322
transactions,C(hour_of_week)[T.47],0.521351616465757,0.4379964477468455,0.23392451372890855,-0.3371056464745399,1.379808879406054
transactions,C(hour_of_week)[T.48],0.556152599790942,0.40013833155356604,0.1645589930586867,-0.22810411888799453,1.3404093184698787
transactions,C(hour_of_week)[T.49],0.4451059279707127,0.3560176927918465,0.21121356323974816,-0.25267592776035164,1.142887783701777
transactions,C(hour_of_week)[T.50],0.3466322348684259,0.45678363067228883,0.44793970274245676,-0.5486472299767058,1.2419116997135575
transactions,C(hour_of_week)[T.51],0.5315541492788857,0.3921189458612856,0.17522833405043747,-0.23698486226504534,1.3000931608228168
transactions,C(hour_of_week)[T.52],0.50097394165714,0.2531083092769743,0.04778372219309041,0.004890771286445161,0.9970571120278349
transactions,C(hour_of_week)[T.53],0.6260015138670134,0.2865087431657142,0.028893988264527222,0.06445469600637732,1.1875483317276494
transactions,C(hour_of_week)[T.54],0.5559252425474913,0.343475330223906,0.10554835402508041,-0.11727403426936633,1.229124519364349
transactions,C(hour_of_week)[T.55],0.37571608331512,0.30631637235256354,0.21998718408879436,-0.22465297437086523,0.9760851410011053
transactions,C(hour_of_week)[T.56],0.5578759030304352,0.3270391218523426,0.08803816531232342,-0.08310899733576238,1.1988608033966328
transactions,C(hour_of_week)[T.57],0.6270235813882602,0.30688761832617445,0.04103561037846441,0.02553490216768406,1.2285122606088363
transactions,C(hour_of_week)[T.58],0.7334077582839433,0.2614170781863708,0.005023730203509909,0.2210397000949652,1.2457758164729213
transactions,C(hour_of_week)[T.59],0.602603306112193,0.2900907379009964,0.03777457343641863,0.03403590757759167,1.1711707046467943
transactions,C(hour_of_week)[T.60],0.6632610476716766,0.2768111599142715,0.016571576946627725,0.12072114372094689,1.2058009516224062
transactions,C(hour_of_week)[T.61],0.9791079573526638,0.27717782189020446,0.00041177773983880225,0.43584940913460524,1.5223665055707223
transactions,C(hour_of_week)[T.62],1.1029947211664242,0.291276818284993,0.00015262582584614132,0.5321026477964199,1.6738867945364284
transactions,C(hour_of_week)[T.63],1.0512622923325268,0.32479968249198893,0.0012094242886511008,0.4146666124581837,1.6878579722068698
transactions,C(hour_of_week)[T.64],1.056247561594219,0.35872480246632593,0.003235282933310155,0.35315986839897506,1.759335254789463
transactions,C(hour_of_week)[T.65],1.1306174305430454,0.35581854817110176,0.0014854494012471304,0.4332258910963557,1.8280089699897353
transactions,C(hour_of_week)[T.66],1.10989621243186,0.30035862306311395,0.00021968201830548337,0.5212041287821151,1.698588296081605
transactions,C(hour_of_week)[T.67],0.9841007035246196,0.34683663117128904,0.0045488159528543435,0.3043133979096908,1.6638880091395485
transactions,C(hour_of_week)[T.68],1.1067378878004233,0.2727101809585184,4.943266904910038e-05,0.5722357549043263,1.6412400206965203
transactions,C(hour_of_week)[T.69],0.5992197991983603,0.2818706415777184,0.03351424549220302,0.046763493406833945,1.1516761049898867
transactions,C(hour_of_week)[T.70],0.5035965937753413,0.29803962948536433,0.09108598506079303,-0.0805503459816348,1.0877435335323173
transactions,C(hour_of_week)[T.71],0.6047551286985565,0.2903096890897423,0.03723865165637893,0.03575859371964096,1.173751663677472
transactions,C(hour_of_week)[T.72],0.4229386794620709,0.34274151169260003,0.21720762923280523,-0.24882233946223892,1.0946996983863808
transactions,C(hour_of_week)[T.73],0.2775576391404266,0.3072476228657159,0.36633067185229606,-0.3246366360119218,0.879751914292775
transactions,C(hour_of_week)[T.74],0.3677514120916048,0.3393095359297613,0.27844337297137023,-0.2972830579417268,1.0327858821249363
transactions,C(hour_of_week)[T.75],0.8043321025898325,0.41285514570699,0.05138880386445392,-0.004849113827904206,1.613513319007569
transactions,C(hour_of_week)[T.76],0.5629951797676397,0.39308167669808325,0.15206941332952986,-0.20743074954322083,1.3334211090785002
transactions,C(hour_of_week)[T.77],0.7187595624998875,0.2557352862585594,0.004945524887436594,0.21752761185707004,1.219991513142705
transactions,C(hour_of_week)[T.78],0.6550719311431059,0.3202288743615497,0.040792129904672035,0.02743487058466665,1.2827089917015453
transactions,C(hour_of_week)[T.79],0.42433842807790073,0.2621457020574411,0.10550921547993279,-0.08945770665665137,0.9381345628124529
transactions,C(hour_of_week)[T.80],0.5589935458780732,0.28583759539268716,0.050508356492757596,-0.0012378465191257293,1.1192249382752721
transactions,C(hour_of_week)[T.81],0.7698873581929325,0.30939235249885866,0.012832465071737279,0.1634894902030486,1.3762852261828165
transactions,C(hour_of_week)[T.82],0.9953935252057501,0.3793042733171932,0.00868371368060676,0.2519708103219144,1.738816240089586
transactions,C(hour_of_week)[T.83],0.6365903787909347,0.3172721868957195,0.04480839286858682,0.014748319179063607,1.2584324384028058
transactions,C(hour_of_week)[T.84],0.9789159820777497,0.27425040510374504,0.00035776696623522164,0.4413950653288895,1.5164368988266097
transactions,C(hour_of_week)[T.85],1.0419668309663348,0.2714001260693465,0.00012342202240168417,0.5100323584707854,1.5739013034618843
transactions,C(hour_of_week)[T.86],1.0674959635359633,0.25901812951964,3.767117439449115e-05,0.559829758334538,1.5751621687373887
transactions,C(hour_of_week)[T.87],1.1487190187544138,0.2651137442511785,1.4713860260890041e-05,0.6291056282155412,1.6683324092932865
transactions,C(hour_of_week)[T.88],1.378596122858097,0.31585527643813205,1.2732942341467219e-05,0.7595311567124154,1.9976610890037785
transactions,C(hour_of_week)[T.89],1.167438409547008,0.29617421977819214,8.089646395344548e-05,0.5869476056325009,1.7479292134615152
transactions,C(hour_of_week)[T.90],0.9995120128545596,0.33037140246880137,0.0024828866404561782,0.3519959624937218,1.6470280632153975
transactions,C(hour_of_week)[T.91],1.011026243592443,0.2760927839141318,0.00025034423102665863,0.4698943307293453,1.552158156455541
transactions,C(hour_of_week)[T.92],0.8758966202007894,0.2885016205690787,0.0023972365512852072,0.31044383440395507,1.4413494059976237
transactions,C(hour_of_week)[T.93],0.7585079340030519,0.32468274825782895,0.0194833719417343,0.12214144101622226,1.3948744269898816
transactions,C(hour_of_week)[T.94],0.34758915894176723,0.2684259109653046,0.19534901297630392,-0.178515959067585,0.8736942769511195
transactions,C(hour_of_week)[T.95],0.2862635757939194,0.30777385947741825,0.3523140809403795,-0.316962104164712,0.8894892557525509
transactions,C(hour_of_week)[T.96],0.1879842034820241,0.29397414232330327,0.5225248368880584,-0.3881945278577023,0.7641629348217505
transactions,C(hour_of_week)[T.97],0.13657345461183984,0.3029988550042538,0.6521775426019392,-0.4572933885533715,0.7304402977770512
transactions,C(hour_of_week)[T.98],0.36505726159239626,0.3264810789231587,0.2634997392125338,-0.2748338947307737,1.0049484179155663
transactions,C(hour_of_week)[T.99],0.6211119501805399,0.3052873728126281,0.04189962821394358,0.02275969453293636,1.2194642058281433
transactions,C(hour_of_week)[T.100],0.5314694683564913,0.43697760218349646,0.22389365890632784,-0.32499089397383296,1.3879298306868155
transactions,C(hour_of_week)[T.101],0.4181810517592538,0.29959860641472574,0.16277340635156223,-0.16902142663199948,1.0053835301505072
transactions,C(hour_of_week)[T.102],0.5327240062155804,0.26833458208545286,0.04711136908406116,0.006797889521485967,1.0586501229096748
transactions,C(hour_of_week)[T.103],0.44163033061431023,0.2673685778056347,0.09858225898011877,-0.08240245248242906,0.9656631137110495
transactions,C(hour_of_week)[T.104],0.4699311596741346,0.2656078799235443,0.07684938882284167,-0.0506507189860515,0.9905130383343208
transactions,C(hour_of_week)[T.105],0.5018058199245283,0.24483774596791047,0.04040891534683408,0.021932655771456977,0.9816789840775997
transactions,C(hour_of_week)[T.106],0.6398117748904235,0.24819819848954702,0.009942404182986876,0.1533522448231877,1.1262713049576594
transactions,C(hour_of_week)[T.107],0.5375257719660748,0.2237009852210155,0.016266693597010752,0.09907989762675745,0.975971646305392
transactions,C(hour_of_week)[T.108],0.7505570721001346,0.2093458866610151,0.0003367571119249168,0.34024667393294084,1.1608674702673283
transactions,C(hour_of_week)[T.109],1.0489705845922381,0.24553640801199328,1.9358942387083625e-05,0.5677280679953993,1.530213101189077
transactions,C(hour_of_week)[T.110],1.213878583665679,0.2745976504069891,9.844014612508819e-06,0.6756770786286598,1.752080088702698
transactions,C(hour_of_week)[T.111],1.0882694065377776,0.31913861206655925,0.0006495784962395578,0.4627692208112215,1.7137695922643337
transactions,C(hour_of_week)[T.112],0.9655076193117282,0.3141377370385932,0.002115517600973516,0.3498089685311714,1.581206270092285
transactions,C(hour_of_week)[T.113],0.9487788938245612,0.2788777630654942,0.0006686239465839949,0.402188522127098,1.4953692655220243
transactions,C(hour_of_week)[T.114],0.7086097885013137,0.2939648568136198,0.015929556968878565,0.13244925642614502,1.2847703205764824
transactions,C(hour_of_week)[T.115],0.6032739021801286,0.27732736122869694,0.029606645226442227,0.05972226224435284,1.1468255421159044
transactions,C(hour_of_week)[T.116],0.5860623008816599,0.28086690946209203,0.03692256549899069,0.03557327388688736,1.1365513278764325
transactions,C(hour_of_week)[T.117],0.3789989066607384,0.29338733550153095,0.19642506153065498,-0.1960297044424319,0.9540275177639086
transactions,C(hour_of_week)[T.118],0.17524210316488673,0.2909217442712267,0.5469288537600588,-0.39495403792628936,0.7454382442560629
transactions,C(hour_of_week)[T.119],0.1737272959174814,0.3112829727600107,0.5767755109455333,-0.4363761196927023,0.783830711527665
transactions,C(hour_of_week)[T.120],0.18910923280444267,0.33838152843270647,0.5762545838542568,-0.4741063759572782,0.8523248415661636
transactions,C(hour_of_week)[T.121],0.3374299690858264,0.44286392483310727,0.44610359132246635,-0.5305673736391174,1.2054273118107703
transactions,C(hour_of_week)[T.122],-0.006396564002731067,0.28655919259526313,0.9821911284472976,-0.5680422609283237,0.5552491329228616
transactions,C(hour_of_week)[T.123],0.27532848355029155,0.2928719489755504,0.3471670318207083,-0.2986899885238396,0.8493469556244226
transactions,C(hour_of_week)[T.124],0.13093966240852675,0.31674457868427147,0.6793194637618358,-0.4898683041109586,0.7517476289280121
transactions,C(hour_of_week)[T.125],0.35096736752589053,0.37909019541052835,0.35454216031009567,-0.39203576237099635,1.0939704974227773
transactions,C(hour_of_week)[T.126],0.11317636963932186,0.29801948159374075,0.7041223532703899,-0.47093108097570757,0.6972838202543513
transactions,C(hour_of_week)[T.127],-0.02088852884328065,0.24207674804345067,0.9312367865812865,-0.49535023650302096,0.4535731788164597
transactions,C(hour_of_week)[T.128],0.009837362745161529,0.2640816518522907,0.9702847021892448,-0.5077531638631735,0.5274278893534966
transactions,C(hour_of_week)[T.129],0.21589961598447444,0.3147444186061351,0.4927432722326507,-0.4009881088185489,0.8327873407874977
transactions,C(hour_of_week)[T.130],0.4826196341076025,0.38691577300247526,0.2122689596894325,-0.27572134602772397,1.240960614242929
transactions,C(hour_of_week)[T.131],0.23115256281521857,0.2810955187542435,0.41089055455386625,-0.319784530158702,0.7820896557891391
transactions,C(hour_of_week)[T.132],0.08657797437308776,0.31347396583050635,0.7824031181129991,-0.5278197087456442,0.7009756574918198
transactions,C(hour_of_week)[T.133],0.3944229792660306,0.3317605621628777,0.23448750571050936,-0.25581577406397144,1.0446617325960326
transactions,C(hour_of_week)[T.134],0.5328309368474499,0.2515745817156187,0.03417642343810333,0.039753817259108426,1.0259080564357914
transactions,C(hour_of_week)[T.135],0.4396522811282707,0.2979859046183325,0.14010153915031953,-0.14438935982424883,1.0236939220807901
transactions,C(hour_of_week)[T.136],0.35305322989701127,0.2984821006983191,0.2368769975820575,-0.2319609375015519,0.9380673972955744
transactions,C(hour_of_week)[T.137],0.46973514099622676,0.300915029481786,0.11851843481411385,-0.1200474791948824,1.0595177611873359
transactions,C(hour_of_week)[T.138],0.1781088536003549,0.2913729947991386,0.5410179335302672,-0.39297172227353316,0.7491894294742429
transactions,C(hour_of_week)[T.139],0.04964050486551174,0.37040552542587957,0.893389414372526,-0.6763409846438475,0.775621994374871
transactions,C(hour_of_week)[T.140],-0.21728581549318127,0.31548687806399234,0.49099212030794315,-0.8356287340935858,0.4010571031072233
transactions,C(hour_of_week)[T.141],-0.2171404097883301,0.2609009362581353,0.40525572180470115,-0.7284968483870558,0.2942160288103955
transactions,C(hour_of_week)[T.142],-0.23590661270075722,0.32143300568053085,0.46299654660498035,-0.8659037272770562,0.39409050187554184
transactions,C(hour_of_week)[T.143],0.14580671861780553,0.3035438465370369,0.6309798716693473,-0.44912828832354007,0.7407417255591511
transactions,C(hour_of_week)[T.144],0.05901604786096258,0.22386825571375157,0.7920730958883746,-0.37975767061979365,0.49778976634171884
transactions,C(hour_of_week)[T.145],-0.20557703105692457,0.2738061345392373,0.45276558761483987,-0.7422271934999582,0.33107313138610905
transactions,C(hour_of_week)[T.146],-0.07994190562029627,0.32032315855146465,0.8029226658224123,-0.7077637597952804,0.5478799485546879
transactions,C(hour_of_week)[T.147],0.07013982993910856,0.3082778502112799,0.8200182755818632,-0.5340736537064334,0.6743533135846507
transactions,C(hour_of_week)[T.148],-0.17166659630416314,0.3064128420348375,0.5753115941762958,-0.7722247310930054,0.4288915384846791
transactions,C(hour_of_week)[T.149],-0.1457983708444429,0.2309532470397499,0.5278512199903849,-0.5984584171549345,0.3068616754660488
transactions,C(hour_of_week)[T.150],-0.17799777252823334,0.22088388419720045,0.42033327468099646,-0.6109222303200622,0.2549266852635955
transactions,C(hour_of_week)[T.151],-0.11092404777983451,0.22012350926539223,0.6143194823747171,-0.5423581980905722,0.3205101025309032
transactions,C(hour_of_week)[T.152],-0.0012699190952576154,0.24167323087873094,0.9958073793569548,-0.4749407476450035,0.4724009094544883
transactions,C(hour_of_week)[T.153],-0.02233998571697371,0.21169838154592577,0.9159573070924719,-0.437261189132407,0.3925812176984596
transactions,C(hour_of_week)[T.154],-0.004359413821781154,0.1850574239259488,0.9812059023147315,-0.3670652997884017,0.35834647214483933
transactions,C(hour_of_week)[T.155],-0.10503105900428346,0.16865393278793883,0.5334417183073432,-0.4355866931196825,0.22552457511111562
transactions,C(hour_of_week)[T.156],0.11365052524806674,0.19432610979330736,0.5586523877250543,-0.267221651202592,0.4945227016987255
transactions,C(hour_of_week)[T.157],0.3624720307385394,0.2171157773129345,0.09502084714669291,-0.06306707327023076,0.7880111347473095
transactions,C(hour_of_week)[T.158],0.5184183230700148,0.22868307556486292,0.023391884445895413,0.07020773108903178,0.9666289150509978
transactions,C(hour_of_week)[T.159],0.452610963526116,0.17557292490059673,0.009940026882808038,0.10849435406059077,0.7967275729916412
transactions,C(hour_of_week)[T.160],0.41743996620916124,0.19661889553186673,0.033746159437313586,0.03207401228665907,0.8028059201316634
transactions,C(hour_of_week)[T.161],0.40255764338273,0.23937876111788858,0.09263158232205998,-0.06661610707214871,0.8717313938376087
transactions,C(hour_of_week)[T.162],0.38133580295944663,0.21801347479653066,0.08026704940301002,-0.04596275578618425,0.8086343617050775
transactions,C(hour_of_week)[T.163],0.30493280709597337,0.22730398845759478,0.1797517370504238,-0.14057482382322056,0.7504404380151672
transactions,C(hour_of_week)[T.164],0.2584271141684792,0.21192473134935733,0.2226814963942273,-0.15693772670958772,0.6737919550465461
transactions,C(hour_of_week)[T.165],0.04353296390378659,0.2264171962605148,0.8475316519918066,-0.4002365862473594,0.4873025140549326
transactions,C(hour_of_week)[T.166],0.14484042490731186,0.26249862812532787,0.5811018797010925,-0.3696474322095037,0.6593282820241274
transactions,C(hour_of_week)[T.167],0.013474079323051918,0.25014740030011523,0.9570430737264383,-0.47680581609149786,0.5037539747376016
transactions,log_avg_base_fee,-0.8937968803893376,0.07100881782739946,2.4856197229497343e-36,-1.0329716059158063,-0.7546221548628689
transactions,shock_window,0.27910709780198334,0.2805020799322945,0.3197232112971695,-0.27066687645388926,0.8288810720578559
transactions,recovery_window,-0.13281975172644658,0.20207120200920645,0.5109932837703598,-0.5288720299772091,0.26323252652431584
transactions,eth_abs_return_1h,15.07143181884517,7.995388146512671,0.05942772434747834,-0.5992409907381209,30.74210462842846
transactions,eth_volatility_24h,-63.54632996834832,55.99693385945835,0.25645157169219934,-173.29830357755816,46.20564364086154
transactions,stablecoin_depeg_abs,72.07383720866427,70.54973074425574,0.306968698752895,-66.20109416907515,210.3487685864037
transactions,block_utilisation,-7.929308121941235,4.833707717822306,0.10091798543888483,-17.403201160666253,1.5445849167837835
volume,Intercept,30.58746458027192,13.474634187624579,0.02320738053288717,4.177666867675615,56.99726229286823
volume,C(event_id)[T.E020],-0.26428186767346057,0.2197426862365376,0.22909712187708353,-0.6949696185631598,0.16640588321623856
volume,C(event_id)[T.E047],-0.40266601210055586,0.5369139922269238,0.45327655875768136,-1.454998099660945,0.6496660754598333
volume,C(hour_of_week)[T.1],0.1712200036318099,0.5328716242289236,0.74797118162704,-0.8731891882402416,1.2156291955038614
volume,C(hour_of_week)[T.2],0.22032895774458214,0.32309307462994036,0.4952791096739393,-0.4129218321844128,0.8535797476735771
volume,C(hour_of_week)[T.3],0.8645120825611836,0.45814699848532764,0.059163644214388085,-0.0334395340951853,1.7624636992175526
volume,C(hour_of_week)[T.4],0.8213349553456477,0.5720146405986357,0.15104118072117398,-0.2997931388573014,1.9424630495485968
volume,C(hour_of_week)[T.5],0.5920357983044978,0.5272287994978444,0.2614714445209685,-0.44131366032356645,1.625385256932562
volume,C(hour_of_week)[T.6],0.47301387384356264,0.5608282837997726,0.3989935078576178,-0.6261893639153998,1.5722171116025252
volume,C(hour_of_week)[T.7],0.6281719554967203,0.4528406058246763,0.16538652974327572,-0.2593793226569442,1.5157232336503847
volume,C(hour_of_week)[T.8],0.7317382473941346,0.6195342838254204,0.23755895771615576,-0.48252663609150515,1.9460031308797743
volume,C(hour_of_week)[T.9],1.1092882166610372,0.5318758951297506,0.03701353338017537,0.06683061796172307,2.1517458153603513
volume,C(hour_of_week)[T.10],0.9697331300733796,0.5443128014230734,0.07481884885164052,-0.09710035703994646,2.036566617186706
volume,C(hour_of_week)[T.11],0.6634543405636957,0.694742367248271,0.3395956183120772,-0.698215677777015,2.0251243589044066
volume,C(hour_of_week)[T.12],1.4235193208652543,0.637491177519964,0.025548786983051505,0.17405957246409476,2.6729790692664137
volume,C(hour_of_week)[T.13],1.2758984759646588,0.6018434231005237,0.03400738783928603,0.09630704235533072,2.455489909573987
volume,C(hour_of_week)[T.14],1.9062787800062888,0.6231960429460868,0.002221698479679101,0.6848369805240819,3.1277205794884955
volume,C(hour_of_week)[T.15],1.1138184265265176,0.6306455069420385,0.0773696591363768,-0.12222405409188242,2.349860907144918
volume,C(hour_of_week)[T.16],1.4816457453574121,0.7161627905060648,0.03855854525771703,0.0779924688978213,2.885299021817003
volume,C(hour_of_week)[T.17],1.4634665980862727,0.5842476067943748,0.012249504707559866,0.31836233071557896,2.6085708654569664
volume,C(hour_of_week)[T.18],1.5871540291228419,0.6588692215105869,0.016000417938763382,0.29579408444014854,2.878513973805535
volume,C(hour_of_week)[T.19],1.1260520902287143,0.5704472109105361,0.04838387663180204,0.00799610176273946,2.244108078694689
volume,C(hour_of_week)[T.20],1.7198650183128747,0.6534977188009635,0.008493777647414975,0.43903302548390255,3.000697011141847
volume,C(hour_of_week)[T.21],1.1571941432969688,0.710752662175588,0.10349839392892345,-0.23585547648314753,2.550243763077085
volume,C(hour_of_week)[T.22],0.6386215286720534,0.7487671064087976,0.3937161959519955,-0.8289350326974603,2.106178090041567
volume,C(hour_of_week)[T.23],1.0541545572502875,0.6110643619390212,0.08450726274080747,-0.14350958438614225,2.2518186988867175
volume,C(hour_of_week)[T.24],0.7270334840792863,0.5881434315298204,0.2164028241099123,-0.42570645946296093,1.8797734276215334
volume,C(hour_of_week)[T.25],0.5490282799117124,0.6031437470810728,0.36267609601256434,-0.6331117418677256,1.7311683016911505
volume,C(hour_of_week)[T.26],0.6580060907295217,0.5911465954022566,0.2656648913648988,-0.5006199458423722,1.8166321273014154
volume,C(hour_of_week)[T.27],1.3553274758693696,0.690401484704255,0.04963450150761965,0.002165430976048821,2.7084895207626905
volume,C(hour_of_week)[T.28],1.4207456770208713,0.635295859036649,0.02532866995615728,0.17558867378160414,2.6659026802601384
volume,C(hour_of_week)[T.29],0.7152028597089906,0.5991976838778011,0.23263414466246846,-0.4592030203113162,1.8896087397292973
volume,C(hour_of_week)[T.30],0.9854025523237625,0.6099009766400928,0.10616431803109817,-0.20998139602662425,2.180786500674149
volume,C(hour_of_week)[T.31],1.241359369311857,0.570142910232208,0.029459863792378433,0.12389979921587635,2.3588189394078376
volume,C(hour_of_week)[T.32],1.1997172915755314,0.5409884109432908,0.026579419552594036,0.13939949007312702,2.260035093077936
volume,C(hour_of_week)[T.33],1.3229988707966158,0.5803346936838499,0.02262447798764268,0.18556377219718567,2.460433969396046
volume,C(hour_of_week)[T.34],1.5745471497766912,0.5826210202227978,0.006881526606170933,0.43263093350402504,2.716463366049357
volume,C(hour_of_week)[T.35],1.518521105309245,0.580427202542819,0.00889111137145945,0.38090469267798444,2.6561375179405053
volume,C(hour_of_week)[T.36],1.1967249306619643,0.5764988093403061,0.03790784600472858,0.0668080272247411,2.3266418340991875
volume,C(hour_of_week)[T.37],1.4256397254938964,0.6157129940912254,0.020589465684027478,0.21886443226177166,2.632415018726021
volume,C(hour_of_week)[T.38],2.0035514085069486,0.6409143563624439,0.0017715160679798879,0.747382352861889,3.259720464152008
volume,C(hour_of_week)[T.39],1.1451894733123822,0.6038006175572694,0.05787610843399563,-0.03823799094290892,2.3286169375676735
volume,C(hour_of_week)[T.40],1.7826753979404821,0.6318137278833829,0.004779657961892307,0.5443432463510616,3.0210075495299025
volume,C(hour_of_week)[T.41],1.27187882906426,0.7103158648267289,0.07336039152707623,-0.12031468364355002,2.66407234177207
volume,C(hour_of_week)[T.42],1.450513434150878,0.5499275461612407,0.008348401943136182,0.3726752495683583,2.5283516187333976
volume,C(hour_of_week)[T.43],1.6802416921837702,0.5960875270238606,0.0048206018737204,0.5119316075834572,2.848551776784083
volume,C(hour_of_week)[T.44],1.180238561100144,0.6622037444393417,0.0747020881084987,-0.11765692842853182,2.47813405062882
volume,C(hour_of_week)[T.45],1.2947091104667585,0.7261018984624722,0.07457074029610829,-0.12842445962584614,2.717842680559363
volume,C(hour_of_week)[T.46],0.44436576657413873,0.5896344473210458,0.45107187533713455,-0.7112965142192906,1.600028047367568
volume,C(hour_of_week)[T.47],0.5648140086662652,0.5827749953102757,0.33245526929153335,-0.577403993232374,1.7070320105649044
volume,C(hour_of_week)[T.48],0.15851073966993134,0.565686255021523,0.7793166741509614,-0.9502139467215941,1.2672354260614567
volume,C(hour_of_week)[T.49],-0.04900398575252363,0.5850852233633718,0.933250992127177,-1.1957499514313055,1.097741979926258
volume,C(hour_of_week)[T.50],0.5163033195691302,0.601763002650528,0.3909010309468759,-0.6631304928545856,1.695737131992846
volume,C(hour_of_week)[T.51],1.232997737175374,0.639185365883708,0.05372908193446427,-0.019782559401750666,2.4857780337524984
volume,C(hour_of_week)[T.52],0.674946886036163,0.5499365862793786,0.21970321932398074,-0.40290901685232294,1.7528027889246491
volume,C(hour_of_week)[T.53],0.6336214379428196,0.5660609812591952,0.26299004025305295,-0.4758376983786057,1.7430805742642448
volume,C(hour_of_week)[T.54],0.9087206329603109,0.5509878637547122,0.09909497940441322,-0.1711957359175872,1.988637001838209
volume,C(hour_of_week)[T.55],0.9268242104106282,0.5410018055876605,0.08668257885543565,-0.13351984411232654,1.9871682649335831
volume,C(hour_of_week)[T.56],1.2148858507096736,0.6348883129770352,0.055678621791063844,-0.029472376930709254,2.459244078350056
volume,C(hour_of_week)[T.57],1.1154379470231914,0.5461096133506508,0.04110031517074523,0.04508277324482157,2.185793120801561
volume,C(hour_of_week)[T.58],1.0937088172875051,0.5768676507491362,0.05796743704554228,-0.036931002027032145,2.224348636602042
volume,C(hour_of_week)[T.59],1.2075863890154375,0.5635178348213913,0.03211770560791177,0.1031117281195193,2.312061049911356
volume,C(hour_of_week)[T.60],1.446787140238757,0.55459186538496,0.009087570667041111,0.3598070579653496,2.5337672225121644
volume,C(hour_of_week)[T.61],1.5399156330885866,0.581303747899414,0.00807130720888303,0.40058122312758404,2.6792500430495894
volume,C(hour_of_week)[T.62],1.2629623270715769,0.6159389389421204,0.0403189032309147,0.0557441900692055,2.470180464073948
volume,C(hour_of_week)[T.63],1.4978413038702985,0.603255952341842,0.01303072962699191,0.3154813638208769,2.6802012439197203
volume,C(hour_of_week)[T.64],1.918671541911428,0.6027987834004886,0.0014578850430560163,0.7372076365219093,3.1001354473009464
volume,C(hour_of_week)[T.65],0.933317192741625,0.5942278141605751,0.11626659880536647,-0.23134792162506257,2.0979823071083126
volume,C(hour_of_week)[T.66],1.1072201267722113,0.5905652932879341,0.06081364504576064,-0.05026657859147354,2.264706832135896
volume,C(hour_of_week)[T.67],1.0746334713646661,0.5469886834101466,0.049456421926171536,0.002555351929796945,2.1467115907995353
volume,C(hour_of_week)[T.68],1.3702338787108264,0.6406987218820197,0.032463574873769115,0.11448745888122303,2.62598029854043
volume,C(hour_of_week)[T.69],0.4691548497515598,0.5528000496563522,0.3960548434943467,-0.614313338226844,1.5526230377299637
volume,C(hour_of_week)[T.70],0.5011750496500708,0.6372784048487522,0.43161543564112614,-0.7478676719786194,1.750217771278761
volume,C(hour_of_week)[T.71],0.28484981522750474,0.5490218933202966,0.6038782966674296,-0.7912133224042683,1.3609129528592778
volume,C(hour_of_week)[T.72],-0.00558273402534507,0.6109636225251707,0.9927093608593249,-1.2030494300388042,1.1918839619881139
volume,C(hour_of_week)[T.73],0.3763172808794284,0.5760125555238232,0.5135536290031718,-0.7526465825901434,1.5052811443490002
volume,C(hour_of_week)[T.74],0.5924786664470585,0.6045664158696549,0.32708319655248186,-0.5924497349199296,1.7774070678140466
volume,C(hour_of_week)[T.75],1.02968949284601,0.5988873111679006,0.08555291100403736,-0.14410806784110752,2.2034870535331277
volume,C(hour_of_week)[T.76],0.7712539238639131,0.5529917243707753,0.16310830748093685,-0.31258993965150683,1.855097787379333
volume,C(hour_of_week)[T.77],0.6768907500922149,0.5726590208245055,0.2372003050605147,-0.4455003061457886,1.7992818063302183
volume,C(hour_of_week)[T.78],0.7230447790446856,0.5614830485413407,0.1978361135942165,-0.377441774026097,1.823531332115468
volume,C(hour_of_week)[T.79],0.9932290131243655,0.6185507353477802,0.10833198843706177,-0.21910815076805013,2.205566177016781
volume,C(hour_of_week)[T.80],0.9733652372001108,0.611505277875132,0.11144025981396162,-0.22516308379130578,2.1718935581915275
volume,C(hour_of_week)[T.81],0.9251511005031353,0.5726883308891624,0.10621262374618137,-0.19729740240598026,2.047599603412251
volume,C(hour_of_week)[T.82],1.0462855634408068,0.5449053354300565,0.05484229611560023,-0.021709268985821373,2.1142803958674348
volume,C(hour_of_week)[T.83],0.8439214818322953,0.5641855643389467,0.1346999069157785,-0.2618619048694457,1.9497048685340364
volume,C(hour_of_week)[T.84],1.2961316277060018,0.579782743153695,0.02538145335472994,0.15977833226692284,2.432484923145081
volume,C(hour_of_week)[T.85],1.371052984634705,0.5917554275136525,0.020507813903931183,0.21123365905184355,2.5308723102175668
volume,C(hour_of_week)[T.86],1.0587847474065175,0.582187296868808,0.06896751389013349,-0.08228138671307472,2.1998508815261095
volume,C(hour_of_week)[T.87],1.5403772294263827,0.6241501816718431,0.013588577862656511,0.31706535240543854,2.763689106447327
volume,C(hour_of_week)[T.88],1.344982342912534,0.5830270523672169,0.021060659908266634,0.202270318260241,2.487694367564827
volume,C(hour_of_week)[T.89],1.3091646774744394,0.5585556975946694,0.01908640381673859,0.21441562682924165,2.403913728119637
volume,C(hour_of_week)[T.90],1.8054819955491912,0.6618628973406223,0.006374295681161897,0.5082545540582404,3.102709437040142
volume,C(hour_of_week)[T.91],1.1664038588150303,0.6394823655294853,0.06815490352540046,-0.08695854637123901,2.4197662640012996
volume,C(hour_of_week)[T.92],1.3195677521314468,0.6467841153684301,0.041330594483439016,0.05189418023672476,2.587241324026169
volume,C(hour_of_week)[T.93],0.32327175003255926,0.5692477933586045,0.5701077292633137,-0.7924334232292045,1.438976923294323
volume,C(hour_of_week)[T.94],-0.06234851736146184,0.549643359615141,0.90968609251196,-1.1396297065487353,1.0149326718258118
volume,C(hour_of_week)[T.95],0.1833406110427351,0.5738652449347502,0.7493597243055131,-0.941414601008632,1.3080958230941022
volume,C(hour_of_week)[T.96],0.2874134183616097,0.6739808016451083,0.6697861297507719,-1.0335646791342366,1.608391515857456
volume,C(hour_of_week)[T.97],0.4528142697029707,0.6932332557818499,0.5136326438419093,-0.9058979445148982,1.8115264839208396
volume,C(hour_of_week)[T.98],0.7170225909255986,0.5394089488183967,0.18375740551102193,-0.34019952169706824,1.7742447035482654
volume,C(hour_of_week)[T.99],0.6835050545426403,0.6258472990168898,0.2747770575928389,-0.5431331113521337,1.9101432204374142
volume,C(hour_of_week)[T.100],0.6201776776347409,0.6344427722338362,0.3283139815336308,-0.6233073061953266,1.8636626614648084
volume,C(hour_of_week)[T.101],0.5415648531442662,0.6476596999057196,0.4030495094597487,-0.7278248329089637,1.8109545391974962
volume,C(hour_of_week)[T.102],0.8324139829208055,0.5379989122100668,0.12180513921933674,-0.2220445087326517,1.8868724745742627
volume,C(hour_of_week)[T.103],1.372316291220428,0.5708493045010891,0.01621719578529383,0.253472213798555,2.4911603686423014
volume,C(hour_of_week)[T.104],1.0206738839959288,0.5988214687605902,0.08829311185991359,-0.15299462794420493,2.1943423959360624
volume,C(hour_of_week)[T.105],1.1890572124990715,0.5288313284599292,0.024546737606299666,0.15256685482113852,2.2255475701770044
volume,C(hour_of_week)[T.106],1.3706148282701784,0.5767637713437082,0.017483041510344667,0.24017860884901565,2.501051047691341
volume,C(hour_of_week)[T.107],0.9102528460753574,0.5879640007100132,0.12158766895974242,-0.2421354195223513,2.062641111673066
volume,C(hour_of_week)[T.108],0.8912137494659321,0.5850227870039901,0.12766292069602542,-0.2554098431971358,2.037837342129
volume,C(hour_of_week)[T.109],1.3675643742187842,0.633877522104726,0.030969966392678572,0.12518726028402916,2.609941488153539
volume,C(hour_of_week)[T.110],1.8180436582302966,0.5842502161968106,0.0018597863892931207,0.6729342765248076,2.9631530399357855
volume,C(hour_of_week)[T.111],1.364525635398653,0.5705737902790653,0.01677981086583212,0.24622155592917494,2.482829714868131
volume,C(hour_of_week)[T.112],1.7207483932203698,0.550304950772661,0.0017666017701276353,0.642170509191867,2.7993262772488725
volume,C(hour_of_week)[T.113],1.4115572323118082,0.5953945113833756,0.017749961493954594,0.24460543340756868,2.578509031216048
volume,C(hour_of_week)[T.114],0.8989609859543922,0.6411583157198347,0.16088868809730217,-0.35768622124484495,2.1556081931536295
volume,C(hour_of_week)[T.115],0.7444669580867651,0.5716342660290691,0.1927973214461245,-0.3759156156591983,1.8648495318327285
volume,C(hour_of_week)[T.116],1.0373308669473973,0.6125567220962216,0.09037087351309177,-0.16325824684910772,2.2379199807439023
volume,C(hour_of_week)[T.117],0.9885818917021982,0.6663072284330409,0.13789575342277488,-0.3173562786652646,2.294520062069661
volume,C(hour_of_week)[T.118],-0.017019365278673045,0.6005490759326841,0.9773912376940308,-1.194073925055544,1.1600351944981981
volume,C(hour_of_week)[T.119],-0.24926040381740844,0.5802381752583108,0.6674990710062813,-1.3865063297789375,0.8879855221441206
volume,C(hour_of_week)[T.120],0.06105454584714594,0.6422351288110719,0.9242626250654563,-1.1977031762289976,1.3198122679232893
volume,C(hour_of_week)[T.121],0.09693940548641605,0.683747899698546,0.8872565221187232,-1.2431818524276392,1.4370606634004714
volume,C(hour_of_week)[T.122],0.4339368904727962,0.6960890202574946,0.533026421544228,-0.9303725192656653,1.7982463002112579
volume,C(hour_of_week)[T.123],-0.10653431578655324,0.6542050861666482,0.8706401289986799,-1.3887527231761065,1.175684091603
volume,C(hour_of_week)[T.124],0.03794602425151374,0.5896559540651831,0.9486892952479584,-1.1177584089858497,1.193650457488877
volume,C(hour_of_week)[T.125],-0.029538652792055694,0.5613227031000922,0.9580320522717136,-1.1297109345729062,1.070633628988795
volume,C(hour_of_week)[T.126],0.28427200314935375,0.6263936425330302,0.649956042775439,-0.9434369763602424,1.5119809826589499
volume,C(hour_of_week)[T.127],-0.3889323574117746,0.5317424699881593,0.46451658954261776,-1.4311284476389374,0.6532637328153881
volume,C(hour_of_week)[T.128],0.02250946139271703,0.668208847286378,0.9731273304015601,-1.2871558134396088,1.332174736225043
volume,C(hour_of_week)[T.129],0.1914533998171637,0.5854850501967467,0.7436681585608413,-0.9560762120550854,1.3389830116894128
volume,C(hour_of_week)[T.130],-0.3045826937676068,0.5469240918044108,0.5775949212946296,-1.3765342159815301,0.7673688284463165
volume,C(hour_of_week)[T.131],-0.07833098620291735,0.6994695745916423,0.9108342957996102,-1.449266160684089,1.2926041882782544
volume,C(hour_of_week)[T.132],-0.46834272695441626,0.6322507173248492,0.45884215141100215,-1.707531362110735,0.7708459082019026
volume,C(hour_of_week)[T.133],-0.1770188678820653,0.6137070545619644,0.7730084497015124,-1.3798625918816734,1.025824856117543
volume,C(hour_of_week)[T.134],0.21076648690966424,0.6246915771930955,0.7358207554096721,-1.0136065058343262,1.4351394796536545
volume,C(hour_of_week)[T.135],0.009802182799301925,0.5407743630957091,0.9855381789609838,-1.050096092630874,1.069700458229478
volume,C(hour_of_week)[T.136],-0.3696756342260818,0.6068418028998441,0.5424054142420018,-1.5590637122231306,0.8197124437709669
volume,C(hour_of_week)[T.137],0.44660819146395214,0.6462448169837626,0.4895139813091358,-0.8200083750199012,1.7132247579478055
volume,C(hour_of_week)[T.138],-0.37274306682854597,0.623756055316698,0.5501213645390479,-1.5952824703880477,0.8497963367309557
volume,C(hour_of_week)[T.139],-0.9293078636857305,0.5492741504301955,0.09066819151465513,-2.0058654161677496,0.14724968879628852
volume,C(hour_of_week)[T.140],-0.7102308732567345,0.6170970714664582,0.24976414103608646,-1.9197189082961326,0.49925716178266344
volume,C(hour_of_week)[T.141],-0.514408031205132,0.5987009782677742,0.39022635915409287,-1.687840386118867,0.6590243237086031
volume,C(hour_of_week)[T.142],-0.45790253851400703,0.7121626002444257,0.5202405126523679,-1.8537155861294772,0.9379105091014632
volume,C(hour_of_week)[T.143],-0.037293361507372676,0.6363984990350137,0.9532701981999571,-1.2846114994313478,1.2100247764166023
volume,C(hour_of_week)[T.144],-0.4998238515004925,0.6451512749345796,0.4384939027134076,-1.764297114952367,0.764649411951382
volume,C(hour_of_week)[T.145],-2.7268805916945063,1.748284601078937,0.11881982526661894,-6.153455444535199,0.699694261146186
volume,C(hour_of_week)[T.146],-0.08280150305691267,0.6866024240092824,0.9040110405669436,-1.4285175258130054,1.26291451969918
volume,C(hour_of_week)[T.147],-0.2435366085379553,0.5554446354400472,0.6610576181167855,-1.332188089406428,0.8451148723305173
volume,C(hour_of_week)[T.148],-0.24861199876626847,0.7211001076176548,0.7302690455165813,-1.6619422389448288,1.1647182414122919
volume,C(hour_of_week)[T.149],-0.3489540076589148,0.8522943730955079,0.6822248829289147,-2.019420283152254,1.3215122678344244
volume,C(hour_of_week)[T.150],-0.7624595895700034,0.5435178610846036,0.16066949869865677,-1.8277350222500708,0.30281584311006393
volume,C(hour_of_week)[T.151],-0.4266224699339591,0.5543489791301217,0.44154202653292685,-1.5131265038955437,0.6598815640276254
volume,C(hour_of_week)[T.152],-0.5747103003040043,0.545946904200431,0.29248523157787976,-1.6447465700079884,0.49532596939997975
volume,C(hour_of_week)[T.153],-0.6851495394886405,0.5578362644179199,0.21936178060903044,-1.7784885270181259,0.4081894480408449
volume,C(hour_of_week)[T.154],-0.2932234136073349,0.5455298558455394,0.5909208721099425,-1.3624422835559196,0.7759954563412499
volume,C(hour_of_week)[T.155],-0.670793992142445,0.5740804649298359,0.2426185036362486,-1.795971027632933,0.454383043348043
volume,C(hour_of_week)[T.156],-0.12436426842950132,0.5127718592675049,0.80836693118829,-1.129378644879452,0.8806501080204495
volume,C(hour_of_week)[T.157],-0.4401599934852272,0.6089490574625049,0.4697910475555418,-1.6336782145313486,0.7533582275608943
volume,C(hour_of_week)[T.158],0.4973407185554748,0.6616563520136103,0.4522554555818705,-0.7994819015333574,1.794163338644307
volume,C(hour_of_week)[T.159],0.002527704454509948,0.5832279376972153,0.996541986564115,-1.1405780482096024,1.1456334571186224
volume,C(hour_of_week)[T.160],0.4135770033527446,0.5179750022697597,0.42460955130437306,-0.601635345988037,1.4287893526935262
volume,C(hour_of_week)[T.161],0.40608367255593636,0.6203059299392875,0.5126927135306698,-0.809693609521693,1.6218609546335658
volume,C(hour_of_week)[T.162],-0.2488927514568134,0.5824811476095203,0.6691626368823154,-1.390534822445032,0.8927493195314053
volume,C(hour_of_week)[T.163],-0.7231223336218193,0.6562866189311808,0.27053157803819494,-2.0094204702624965,0.5631758030188578
volume,C(hour_of_week)[T.164],-0.6826233025873182,0.5962378212365783,0.25225710091786047,-1.8512279584316427,0.4859813532570062
volume,C(hour_of_week)[T.165],-0.4499221545460309,0.6198400777166876,0.46791961918942526,-1.6647863830452465,0.7649420739531848
volume,C(hour_of_week)[T.166],0.14908979492650018,0.6876071049897853,0.8283454259601754,-1.1985953663673306,1.496774956220331
volume,C(hour_of_week)[T.167],-1.1623117823793607,0.660885179857733,0.07862513036361592,-2.4576229328167933,0.1329993680580719
volume,log_avg_base_fee,-0.4813305931643228,0.2150849842828737,0.02523003147490238,-0.9028894159741189,-0.05977177035452674
volume,shock_window,-0.05178017186891268,0.3323788727136795,0.8762012395319232,-0.7032307916097474,0.599670447871922
volume,recovery_window,0.1965542059631372,0.17422441288814647,0.2592494637826738,-0.1449193685252659,0.5380277804515403
volume,eth_abs_return_1h,26.505113632246534,9.632322340919709,0.005928958213427843,7.626108756563362,45.384118507929706
volume,eth_volatility_24h,16.967066491079027,28.13810157673921,0.5465136247688018,-38.18259919265954,72.11673217481759
volume,stablecoin_depeg_abs,103.86841772798552,53.152377583167805,0.05068192548539723,-0.3083280276974989,208.04516348366855
volume,block_utilisation,-22.827139399810864,24.934389128262744,0.35993538640688993,-71.69764406771291,26.04336526809119
