event_id,event_start,event_end,peak_time,peak_avg_gas_gwei,peak_median_gas_gwei,peak_max_gas_gwei,lagged_threshold_gwei,lagged_median_gwei,shock_ratio,shock_increase_gwei,event_interval_count,selected_non_overlapping,overlap_with_peak_time,window_start,window_end,market_stable,analysis_eligible,exclusion_reason
E001,2022-04-05 18:00:00,2022-04-05 18:00:00,2022-04-05 18:00:00,250.85740390825,77.80975646565129,3987.823764491,226.49462393778592,68.0554310005046,3.686074722036365,182.8019729077454,1,True,,2022-03-29 18:00:00,2022-04-12 18:00:00,,,pending_market_stability_screen
E002,2022-05-01 00:00:00,2022-05-01 00:00:00,2022-05-01 00:00:00,2750.950847064712,1015.7372038652804,8629.051173688,166.4157142557044,48.70663793587792,56.479998695174295,2702.244209128834,1,True,,2022-04-24 00:00:00,2022-05-08 00:00:00,,,pending_market_stability_screen
E003,2022-05-11 12:00:00,2022-05-12 06:00:00,2022-05-12 06:00:00,323.0260699498531,270.3784811955228,1352.188204502,182.05132192931285,44.681192117733865,7.229575905197139,278.3448778321192,4,False,2022-05-01 00:00:00,2022-05-04 12:00:00,2022-05-19 06:00:00,,,overlapping_event_window
E004,2022-10-19 18:00:00,2022-10-19 18:00:00,2022-10-19 18:00:00,36.964501479480695,35.25885504178865,95.510420982,36.059985328337106,11.72525637385955,3.1525537950615625,25.239245105621144,1,False,2022-10-20 12:00:00,2022-10-12 18:00:00,2022-10-26 18:00:00,,,overlapping_event_window
E005,2022-10-20 12:00:00,2022-10-20 12:00:00,2022-10-20 12:00:00,49.19032901722377,45.06104452553405,98.977013035,36.82899821311398,11.888952522752115,4.137482164478939,37.301376494471654,1,True,,2022-10-13 12:00:00,2022-10-27 12:00:00,,,pending_market_stability_screen
E006,2022-10-21 12:00:00,2022-10-21 12:00:00,2022-10-21 12:00:00,39.27717115953106,32.75159939400854,129.323803857,37.1526061831721,12.041441003894379,3.2618331266854392,27.23573015563668,1,False,2022-10-20 12:00:00,2022-10-14 12:00:00,2022-10-28 12:00:00,,,overlapping_event_window
E007,2022-11-08 18:00:00,2022-11-08 18:00:00,2022-11-08 18:00:00,104.7371549209888,87.72954337276192,669.858927546,37.1526061831721,12.57934153616062,8.326123797490592,92.15781338482819,1,True,,2022-11-01 18:00:00,2022-11-15 18:00:00,,,pending_market_stability_screen
E008,2022-11-09 12:00:00,2022-11-09 18:00:00,2022-11-09 18:00:00,99.8915964098489,86.96175403212781,512.161660826,40.394092048645355,12.57934153616062,7.940924103435793,87.31225487368829,2,False,2022-11-08 18:00:00,2022-11-02 12:00:00,2022-11-16 18:00:00,,,overlapping_event_window
E009,2022-11-10 12:00:00,2022-11-10 12:00:00,2022-11-10 12:00:00,58.64657019203242,49.98535852478731,244.64404706,43.4008391273416,12.659732368907374,4.632528436072621,45.98683782312504,1,False,2022-11-08 18:00:00,2022-11-03 12:00:00,2022-11-17 12:00:00,,,overlapping_event_window
E010,2022-12-09 12:00:00,2022-12-09 12:00:00,2022-12-09 12:00:00,47.70904825853743,26.148946962468287,193.543542796,46.96271472064195,12.570167737622302,3.795418585843134,35.13888052091512,1,True,,2022-12-02 12:00:00,2022-12-16 12:00:00,,,pending_market_stability_screen
E011,2023-02-01 18:00:00,2023-02-01 18:00:00,2023-02-01 18:00:00,48.41666779415736,37.505505536504415,200.069931999,46.35538960958051,14.760096407517615,3.280240620210162,33.65657138663975,1,False,2023-02-14 18:00:00,2023-01-25 18:00:00,2023-02-08 18:00:00,,,overlapping_event_window
E012,2023-02-09 18:00:00,2023-02-09 18:00:00,2023-02-09 18:00:00,52.84913397697987,50.39655401171384,157.085936122,40.87385696356355,15.256662347055986,3.4640036447537916,37.592471629923885,1,False,2023-02-14 18:00:00,2023-02-02 18:00:00,2023-02-16 18:00:00,,,overlapping_event_window
E013,2023-02-14 18:00:00,2023-02-14 18:00:00,2023-02-14 18:00:00,148.23033100247986,81.13298484672931,813.226561828,41.67263578245661,15.546670632833125,9.534538584063855,132.68366036964673,1,True,,2023-02-07 18:00:00,2023-02-21 18:00:00,,,pending_market_stability_screen
E014,2023-02-15 18:00:00,2023-02-15 18:00:00,2023-02-15 18:00:00,49.03388180770997,47.32099212826878,85.682969769,45.06742796529191,15.71222873531415,3.1207464347501164,33.32165307239582,1,False,2023-02-14 18:00:00,2023-02-08 18:00:00,2023-02-22 18:00:00,,,overlapping_event_window
E015,2023-03-09 18:00:00,2023-03-09 18:00:00,2023-03-09 18:00:00,50.11350870699718,43.60697608955245,198.218853953,48.10946935825049,19.259713390386658,2.6019862129418274,30.853795316610523,1,False,2023-03-11 06:00:00,2023-03-02 18:00:00,2023-03-16 18:00:00,,,overlapping_event_window
E016,2023-03-11 00:00:00,2023-03-11 06:00:00,2023-03-11 06:00:00,159.9144440155191,117.8604995138652,378.151610964,49.47652883641775,19.5819533124849,8.166419430362046,140.3324907030342,2,True,,2023-03-04 00:00:00,2023-03-18 06:00:00,,,pending_market_stability_screen
E017,2023-04-18 12:00:00,2023-04-19 18:00:00,2023-04-19 18:00:00,83.04565674705381,82.43096805717418,115.942226316,74.65297076785002,24.068494496606128,3.450388505137452,58.977162250447684,5,False,2023-04-20 12:00:00,2023-04-11 12:00:00,2023-04-26 18:00:00,,,overlapping_event_window
E018,2023-04-20 12:00:00,2023-04-20 12:00:00,2023-04-20 12:00:00,83.90757481173475,74.67353808039636,194.726000879,81.57854719369337,24.201516746669647,3.4670378592400084,59.7060580650651,1,True,,2023-04-13 12:00:00,2023-04-27 12:00:00,,,pending_market_stability_screen
E019,2023-05-02 12:00:00,2023-05-02 18:00:00,2023-05-02 18:00:00,101.01494649431892,100.28115527450775,141.964147537,88.05773853021873,27.561164765372197,3.6651189220142806,73.45378172894672,2,False,2023-05-05 12:00:00,2023-04-25 12:00:00,2023-05-09 18:00:00,,,overlapping_event_window
E020,2023-05-05 00:00:00,2023-05-05 18:00:00,2023-05-05 12:00:00,196.7532469117031,204.0950095236472,299.328677077,100.01245202903175,28.139624154386567,6.992035353145684,168.61362275731653,3,True,,2023-04-28 00:00:00,2023-05-12 18:00:00,,,pending_market_stability_screen
E021,2023-05-06 12:00:00,2023-05-06 18:00:00,2023-05-06 18:00:00,159.15399627117768,161.240669198252,232.22122782,147.36018593377318,28.650972968634886,5.554924659815516,130.5030233025428,2,False,2023-05-05 12:00:00,2023-04-29 12:00:00,2023-05-13 18:00:00,,,overlapping_event_window
E022,2023-08-17 18:00:00,2023-08-17 18:00:00,2023-08-17 18:00:00,69.49059794304594,37.08812570115144,664.838745859,60.80009279851696,21.272971908650362,3.266614474058913,48.21762603439558,1,True,,2023-08-10 18:00:00,2023-08-24 18:00:00,,,pending_market_stability_screen
E023,2023-11-09 12:00:00,2023-11-09 18:00:00,2023-11-09 12:00:00,86.82789519611006,63.93774499231375,323.556840279,44.63202367776909,13.653990348216269,6.3591589697771465,73.1739048478938,2,True,,2023-11-02 12:00:00,2023-11-16 18:00:00,,,pending_market_stability_screen
E024,2023-11-13 12:00:00,2023-11-13 12:00:00,2023-11-13 12:00:00,71.78827736612423,59.103507009403245,239.097233465,54.50890017243725,13.859862717084562,5.179580695098326,57.928414649039674,1,False,2023-11-09 12:00:00,2023-11-06 12:00:00,2023-11-20 12:00:00,,,overlapping_event_window
E025,2023-11-21 18:00:00,2023-11-21 18:00:00,2023-11-21 18:00:00,53.56135210569553,51.24089632497455,116.875017221,50.9603450371426,14.40522523126295,3.718189146356002,39.15612687443259,1,False,2023-11-09 12:00:00,2023-11-14 18:00:00,2023-11-28 18:00:00,,,overlapping_event_window
E026,2023-11-22 12:00:00,2023-11-22 12:00:00,2023-11-22 12:00:00,54.10626561290935,49.28866407620056,413.713708631,53.4656339758394,14.40522523126295,3.756016635927718,39.70104038164639,1,False,2023-11-09 12:00:00,2023-11-15 12:00:00,2023-11-29 12:00:00,,,overlapping_event_window
E027,2023-11-30 18:00:00,2023-11-30 18:00:00,2023-11-30 18:00:00,65.3452780247991,64.2946054479864,184.984282935,53.4656339758394,15.393108658344143,4.245099510122498,49.95216936645495,1,True,,2023-11-23 18:00:00,2023-12-07 18:00:00,,,pending_market_stability_screen
E028,2023-12-01 12:00:00,2023-12-01 12:00:00,2023-12-01 12:00:00,59.22612868748602,46.876151410040805,140.946008837,53.784766643653214,15.517255812361908,3.8167914097480558,43.70887287512411,1,False,2023-11-30 18:00:00,2023-11-24 12:00:00,2023-12-08 12:00:00,,,overlapping_event_window
E029,2023-12-05 12:00:00,2023-12-05 18:00:00,2023-12-05 12:00:00,70.81177125032157,70.94342835524174,111.693024623,56.56806353315537,16.89186383102416,4.192063821889584,53.91990741929741,2,False,2023-12-15 12:00:00,2023-11-28 12:00:00,2023-12-12 18:00:00,,,overlapping_event_window
E030,2023-12-15 12:00:00,2023-12-15 12:00:00,2023-12-15 12:00:00,90.69655567853115,74.6355514379807,180.910697548,64.39555551102777,20.908548654929685,4.337773853908664,69.78800702360147,1,True,,2023-12-08 12:00:00,2023-12-22 12:00:00,,,pending_market_stability_screen
E031,2023-12-16 12:00:00,2023-12-16 12:00:00,2023-12-16 12:00:00,67.97494633391432,62.33942190888179,139.102743998,67.58654024726344,21.208360296482475,3.2051014497895127,46.76658603743184,1,False,2023-12-15 12:00:00,2023-12-09 12:00:00,2023-12-23 12:00:00,,,overlapping_event_window
E032,2023-12-18 12:00:00,2023-12-18 18:00:00,2023-12-18 18:00:00,81.9162972874427,72.3947431697483,289.77047289,71.21213875780069,22.601378491512055,3.6243938535964237,59.31491879593065,2,False,2023-12-15 12:00:00,2023-12-11 12:00:00,2023-12-25 18:00:00,,,overlapping_event_window
E033,2024-02-08 12:00:00,2024-02-08 12:00:00,2024-02-08 12:00:00,74.55160140060327,69.02211949083313,264.257361305,71.21213875780069,28.341774647518243,2.630449304173386,46.20982675308503,1,False,2024-02-09 12:00:00,2024-02-01 12:00:00,2024-02-15 12:00:00,,,overlapping_event_window
E034,2024-02-09 12:00:00,2024-02-09 12:00:00,2024-02-09 12:00:00,82.32393807448625,80.5316565725424,126.508182359,72.92124022026071,28.36252036981762,2.9025607386462187,53.961417704668634,1,True,,2024-02-02 12:00:00,2024-02-16 12:00:00,,,pending_market_stability_screen
E035,2024-02-12 18:00:00,2024-02-12 18:00:00,2024-02-12 18:00:00,77.69262640894516,65.88303302126127,477.514531131,74.83820774519701,27.975311315829778,2.777185409371403,49.71731509311538,1,False,2024-02-09 12:00:00,2024-02-05 18:00:00,2024-02-19 18:00:00,,,overlapping_event_window
E036,2024-02-28 12:00:00,2024-02-28 12:00:00,2024-02-28 12:00:00,87.08377023194339,77.64285301842061,305.752961076,76.25185517429252,28.36252036981762,3.0703819370232988,58.721249862125774,1,False,2024-03-05 18:00:00,2024-02-21 12:00:00,2024-03-06 12:00:00,,,overlapping_event_window
E037,2024-02-29 12:00:00,2024-02-29 12:00:00,2024-02-29 12:00:00,81.64783728771533,81.38631069645655,103.849103698,79.42433146912926,28.36252036981762,2.878722914011621,53.28531691789772,1,False,2024-03-05 18:00:00,2024-02-22 12:00:00,2024-03-07 12:00:00,,,overlapping_event_window
E038,2024-03-04 12:00:00,2024-03-04 18:00:00,2024-03-04 12:00:00,100.87773998326044,102.0139934276436,185.432504486,81.75790588760356,28.396496304801634,3.5524713647930843,72.48124367845881,2,False,2024-03-05 18:00:00,2024-02-26 12:00:00,2024-03-11 18:00:00,,,overlapping_event_window
E039,2024-03-05 12:00:00,2024-03-05 18:00:00,2024-03-05 18:00:00,113.2812328372475,96.81563089364587,394.06284966,88.56501226504446,28.396496304801634,3.9892679583182415,84.88473653244587,2,True,,2024-02-27 12:00:00,2024-03-12 18:00:00,,,pending_market_stability_screen
E040,2024-04-13 18:00:00,2024-04-13 18:00:00,2024-04-13 18:00:00,130.60705693072728,99.91387375072082,586.338250584,94.59119900465882,29.917905972771024,4.365514653652424,100.68915095795626,1,True,,2024-04-06 18:00:00,2024-04-20 18:00:00,,,pending_market_stability_screen
E041,2024-08-05 00:00:00,2024-08-05 12:00:00,2024-08-05 00:00:00,104.40611216191036,38.00654883640647,701.717784035,24.200203034923867,5.310285163960598,19.661112150903886,99.09582699794976,3,True,,2024-07-29 00:00:00,2024-08-12 12:00:00,,,pending_market_stability_screen
E042,2024-09-19 12:00:00,2024-09-19 12:00:00,2024-09-19 12:00:00,21.770356588504196,21.48505909185128,34.787532056,18.452298925450698,2.795862544056078,7.786633371796957,18.974494044448118,1,False,2024-09-23 12:00:00,2024-09-12 12:00:00,2024-09-26 12:00:00,,,overlapping_event_window
E043,2024-09-20 12:00:00,2024-09-20 12:00:00,2024-09-20 12:00:00,23.91581283614285,19.28239773509508,91.316318152,20.480361060687713,2.848095257672921,8.397125331995962,21.06771757846993,1,False,2024-09-23 12:00:00,2024-09-13 12:00:00,2024-09-27 12:00:00,,,overlapping_event_window
E044,2024-09-23 12:00:00,2024-09-23 12:00:00,2024-09-23 12:00:00,28.559389765259898,26.48890887522351,77.820981525,22.649993650036098,2.8993714731235327,9.850200303754963,25.660018292136364,1,True,,2024-09-16 12:00:00,2024-09-30 12:00:00,,,pending_market_stability_screen
E045,2024-09-24 12:00:00,2024-09-24 12:00:00,2024-09-24 12:00:00,29.10802744422321,27.30830969180837,55.414568264,25.819679377080956,2.909585674146663,10.00418296765231,26.19844177007655,1,False,2024-10-07 12:00:00,2024-09-17 12:00:00,2024-10-01 12:00:00,,,overlapping_event_window
E046,2024-09-25 12:00:00,2024-09-25 12:00:00,2024-09-25 12:00:00,30.900280045105763,27.94235822101799,108.869093852,28.78433121363487,2.909585674146663,10.620165035754908,27.9906943709591,1,False,2024-10-07 12:00:00,2024-09-18 12:00:00,2024-10-02 12:00:00,,,overlapping_event_window
E047,2024-10-07 12:00:00,2024-10-07 12:00:00,2024-10-07 12:00:00,46.07069272726953,41.081094219893686,129.855328263,29.8428510105851,3.630109804752285,12.691266987835194,42.440582922517244,1,True,,2024-09-30 12:00:00,2024-10-14 12:00:00,,,pending_market_stability_screen
E048,2024-10-11 12:00:00,2024-10-11 12:00:00,2024-10-11 12:00:00,34.104730013247206,29.424045712219343,79.531597894,33.905277272437175,3.7339384685593053,9.133715057282693,30.3707915446879,1,False,2024-10-07 12:00:00,2024-10-04 12:00:00,2024-10-18 12:00:00,,,overlapping_event_window
E049,2024-10-14 12:00:00,2024-10-14 12:00:00,2024-10-14 12:00:00,36.42437896890453,34.61821919595453,78.804923292,35.79590275364055,3.8988504249967413,9.34233812494486,32.52552854390778,1,False,2024-10-07 12:00:00,2024-10-07 12:00:00,2024-10-21 12:00:00,,,overlapping_event_window
E050,2024-11-11 18:00:00,2024-11-11 18:00:00,2024-11-11 18:00:00,41.23965192601338,40.85443011395773,64.512029787,30.841809537039914,6.7333644339615315,6.12467249180961,34.50628749205185,1,False,2024-11-13 12:00:00,2024-11-04 18:00:00,2024-11-18 18:00:00,,,overlapping_event_window
E051,2024-11-13 12:00:00,2024-11-13 18:00:00,2024-11-13 12:00:00,68.72484075434804,78.42200379316138,105.18577294,32.55963331276347,7.303028261882771,9.410458003161322,61.421812492465264,2,True,,2024-11-06 12:00:00,2024-11-20 18:00:00,,,pending_market_stability_screen
E052,2024-12-02 18:00:00,2024-12-02 18:00:00,2024-12-02 18:00:00,50.53667264580302,31.791932704657007,202.434748979,38.398640881319274,10.102959701940723,5.002165121582659,40.433712943862304,1,True,,2024-11-25 18:00:00,2024-12-09 18:00:00,,,pending_market_stability_screen
E053,2024-12-09 18:00:00,2024-12-09 18:00:00,2024-12-09 18:00:00,46.98528972622309,35.43906337860476,226.62282169,43.220378654528524,11.127972581023943,4.222268646343099,35.85731714519915,1,False,2024-12-02 18:00:00,2024-12-02 18:00:00,2024-12-16 18:00:00,,,overlapping_event_window
E054,2025-01-02 00:00:00,2025-01-02 00:00:00,2025-01-02 00:00:00,50.65140213049024,50.21915863584777,91.608521077,46.44567749684051,10.835894411962169,4.674408978604864,39.81550771852807,1,True,,2024-12-26 00:00:00,2025-01-09 00:00:00,,,pending_market_stability_screen
E055,2025-01-19 18:00:00,2025-01-19 18:00:00,2025-01-19 18:00:00,78.3996577646622,46.2623560391323,243.615363907,48.44135672325095,10.141456653610994,7.730611138267499,68.25820111105119,1,True,,2025-01-12 18:00:00,2025-01-26 18:00:00,,,pending_market_stability_screen
E056,2025-02-03 00:00:00,2025-02-03 00:00:00,2025-02-03 00:00:00,83.52339965113039,36.54759833356815,825.516734806,50.58371173452478,10.122085397250174,8.251599978974772,73.40131425388022,1,True,,2025-01-27 00:00:00,2025-02-10 00:00:00,,,pending_market_stability_screen
E057,2025-05-08 12:00:00,2025-05-08 12:00:00,2025-05-08 12:00:00,18.51955319314739,17.855523568480447,39.617984594,9.168519477509621,0.6966990972256688,26.581853294907738,17.822854095921723,1,True,,2025-05-01 12:00:00,2025-05-15 12:00:00,,,pending_market_stability_screen
E058,2025-05-09 06:00:00,2025-05-09 06:00:00,2025-05-09 06:00:00,10.071761216368037,5.908230686769146,43.36703536,9.836986351056293,0.6966990972256688,14.456400555813664,9.375062119142369,1,False,2025-05-08 12:00:00,2025-05-02 06:00:00,2025-05-16 06:00:00,,,overlapping_event_window
E059,2025-06-05 18:00:00,2025-06-05 18:00:00,2025-06-05 18:00:00,9.324120333804032,8.637437490980847,24.515631141,9.178512563716966,0.6908035270028106,13.497499606376643,8.633316806801222,1,True,,2025-05-29 18:00:00,2025-06-12 18:00:00,,,pending_market_stability_screen
E060,2025-07-17 12:00:00,2025-07-17 12:00:00,2025-07-17 12:00:00,16.478608453991647,11.753978690027845,41.968109765,9.150041859501918,1.0504903494128417,15.686587185881486,15.428118104578806,1,True,,2025-07-10 12:00:00,2025-07-24 12:00:00,,,pending_market_stability_screen
E061,2025-09-01 12:00:00,2025-09-01 12:00:00,2025-09-01 12:00:00,24.998627023101232,9.348289632453092,138.636109015,7.673860296905481,0.7517712219275632,33.25297150774677,24.24685580117367,1,True,,2025-08-25 12:00:00,2025-09-08 12:00:00,,,pending_market_stability_screen
E062,2025-09-29 12:00:00,2025-09-29 12:00:00,2025-09-29 12:00:00,10.58738029916648,9.322372202964418,28.573670478,7.258247003585783,0.4436882552280229,23.862205443606683,10.143692043938456,1,False,2025-10-10 18:00:00,2025-09-22 12:00:00,2025-10-06 12:00:00,,,overlapping_event_window
E063,2025-10-10 18:00:00,2025-10-10 18:00:00,2025-10-10 18:00:00,60.188847852600894,9.928929094424785,547.228205708,7.673860296905481,0.3867938887403545,155.60961433132732,59.80205396386054,1,True,,2025-10-03 18:00:00,2025-10-17 18:00:00,,,pending_market_stability_screen
E064,2025-11-04 18:00:00,2025-11-04 18:00:00,2025-11-04 18:00:00,6.690623998294512,5.24516074935819,26.341882176,5.6627063310004955,0.28973154501620113,23.092494115269318,6.400892453278312,1,False,2025-11-06 12:00:00,2025-10-28 18:00:00,2025-11-11 18:00:00,,,overlapping_event_window
E065,2025-11-06 12:00:00,2025-11-06 12:00:00,2025-11-06 12:00:00,7.226933604776161,3.5968369645102185,97.678961602,6.493428228029484,0.295677111288313,24.44197852612684,6.931256493487848,1,True,,2025-10-30 12:00:00,2025-11-13 12:00:00,,,pending_market_stability_screen
E066,2026-02-05 12:00:00,2026-02-05 18:00:00,2026-02-05 18:00:00,5.392428701641858,2.5798707578052644,32.578181327,2.0602801619012268,0.07296641691513865,73.90288477387284,5.319462284726719,2,True,,2026-01-29 12:00:00,2026-02-12 18:00:00,,,pending_market_stability_screen
E067,2026-04-22 12:00:00,2026-04-22 12:00:00,2026-04-22 12:00:00,5.965087674166574,5.869393013884375,12.602520691,3.352120625012561,0.0990787879145189,60.205497056675796,5.866008886252055,1,True,,2026-04-15 12:00:00,2026-04-29 12:00:00,,,pending_market_stability_screen
